Time,Temperature,Humidity,Anomaly
16:49:47,32.58,45.93,OK
16:49:47,32.58,45.93,OK
16:49:47,32.58,45.93,OK
16:49:47,32.58,45.93,OK
16:49:52,30.09,79.24,OK
16:49:52,30.09,79.24,OK
16:49:52,30.09,79.24,OK
16:49:52,30.09,79.24,OK
16:49:58,29.87,60.9,OK
16:49:58,29.87,60.9,OK
16:49:58,29.87,60.9,OK
16:49:58,29.87,60.9,OK
16:50:04,26.76,53.02,OK
16:50:04,26.76,53.02,OK
16:50:04,26.76,53.02,OK
16:50:04,26.76,53.02,OK
16:50:09,27.49,72.99,OK
16:50:09,27.49,72.99,OK
16:50:09,27.49,72.99,OK
16:50:09,27.49,72.99,OK
16:50:15,28.26,67.55,OK
16:50:15,28.26,67.55,OK
16:50:15,28.26,67.55,OK
16:50:15,28.26,67.55,OK
16:50:20,31.6,43.25,OK
16:50:20,31.6,43.25,OK
16:50:20,31.6,43.25,OK
16:50:21,31.6,43.25,OK
16:50:26,31.46,51.93,OK
16:50:26,31.46,51.93,OK
16:50:26,31.46,51.93,OK
16:50:26,31.46,51.93,OK
16:50:32,27.22,68.77,OK
16:50:32,27.22,68.77,OK
16:50:32,27.22,68.77,OK
16:50:32,27.22,68.77,OK
16:50:37,32.37,71.35,OK
16:50:37,32.37,71.35,OK
16:50:37,32.37,71.35,OK
16:50:37,32.37,71.35,OK
16:50:43,32.74,51.43,OK
16:50:43,32.74,51.43,OK
16:50:43,32.74,51.43,OK
16:50:43,32.74,51.43,OK
16:50:48,31.66,62.89,OK
16:50:48,31.66,62.89,OK
16:50:48,31.66,62.89,OK
16:50:48,31.66,62.89,OK
16:50:54,32.4,62.87,OK
16:50:54,32.4,62.87,OK
16:50:54,32.4,62.87,OK
16:50:54,32.4,62.87,OK
16:51:00,25.65,57.04,OK
16:51:00,25.65,57.04,OK
16:51:00,25.65,57.04,OK
16:51:00,25.65,57.04,OK
16:51:05,26.76,57.65,OK
16:51:05,26.76,57.65,OK
16:51:05,26.76,57.65,OK
16:51:05,26.76,57.65,OK
16:51:11,28.03,79.75,OK
16:51:11,28.03,79.75,OK
16:51:11,28.03,79.75,OK
16:51:11,28.03,79.75,OK
16:51:17,34.88,76.12,OK
16:51:17,34.88,76.12,OK
16:51:17,34.88,76.12,OK
16:51:17,34.88,76.12,OK
16:51:22,26.5,74.76,OK
16:51:22,26.5,74.76,OK
16:51:22,26.5,74.76,OK
16:51:22,26.5,74.76,OK
16:51:28,26.38,65.4,OK
16:51:28,26.38,65.4,OK
16:51:28,26.38,65.4,OK
16:51:28,26.38,65.4,OK
16:51:33,27.41,54.86,OK
16:51:33,27.41,54.86,OK
16:51:33,27.41,54.86,OK
16:51:33,27.41,54.86,OK
16:51:39,34.69,49.47,OK
16:51:39,34.69,49.47,OK
16:51:39,34.69,49.47,OK
16:51:39,34.69,49.47,OK
16:51:44,32.93,58.68,OK
16:51:44,32.93,58.68,OK
16:51:44,32.93,58.68,OK
16:51:44,32.93,58.68,OK
16:51:50,32.09,76.53,OK
16:51:50,32.09,76.53,OK
16:51:50,32.09,76.53,OK
16:51:50,32.09,76.53,OK
16:51:56,30.16,55.18,OK
16:51:56,30.16,55.18,OK
16:51:56,30.16,55.18,OK
16:51:56,30.16,55.18,OK
16:52:01,32.62,49.1,OK
16:52:01,32.62,49.1,OK
16:52:01,32.62,49.1,OK
16:52:01,32.62,49.1,OK
16:52:07,26.16,79.49,OK
16:52:07,26.16,79.49,OK
16:52:07,26.16,79.49,OK
16:52:07,26.16,79.49,OK
16:52:13,31.37,79.38,OK
16:52:13,31.37,79.38,OK
16:52:13,31.37,79.38,OK
16:52:13,31.37,79.38,OK
16:52:18,33.14,69.22,OK
16:52:18,33.14,69.22,OK
16:52:18,33.14,69.22,OK
16:52:18,33.14,69.22,OK
16:52:24,31.95,79.53,OK
16:52:24,31.95,79.53,OK
16:52:24,31.95,79.53,OK
16:52:24,31.95,79.53,OK
16:52:30,33.57,74.05,OK
16:52:30,33.57,74.05,OK
16:52:30,33.57,74.05,OK
16:52:30,33.57,74.05,OK
16:52:36,27.96,68.26,OK
16:52:36,27.96,68.26,OK
16:52:36,27.96,68.26,OK
16:52:36,27.96,68.26,OK
16:52:43,26.47,52.83,OK
16:52:44,26.47,52.83,OK
16:52:44,26.47,52.83,OK
16:52:44,26.47,52.83,OK
16:52:52,28.81,56.63,OK
16:52:52,28.81,56.63,OK
16:52:52,28.81,56.63,OK
16:52:52,28.81,56.63,OK
16:52:56,34.35,40.43,OK
16:52:56,34.35,40.43,OK
16:52:56,34.35,40.43,OK
16:52:56,34.35,40.43,OK
16:53:02,25.72,64.62,OK
16:53:02,25.72,64.62,OK
16:53:02,25.72,64.62,OK
16:53:02,25.72,64.62,OK
16:53:08,26.98,76.75,OK
16:53:08,26.98,76.75,OK
16:53:08,26.98,76.75,OK
16:53:08,26.98,76.75,OK
16:53:13,32.46,51.38,OK
16:53:13,32.46,51.38,OK
16:53:13,32.46,51.38,OK
16:53:13,32.46,51.38,OK
16:53:19,32.89,58.61,OK
16:53:19,32.89,58.61,OK
16:53:19,32.89,58.61,OK
16:53:19,32.89,58.61,OK
16:53:26,26.74,70.81,OK
16:53:26,26.74,70.81,OK
16:53:26,26.74,70.81,OK
16:53:26,26.74,70.81,OK
16:53:36,33.04,57.82,OK
16:53:36,33.04,57.82,OK
16:53:36,33.04,57.82,OK
16:53:45,32.79,43.97,OK
16:53:45,32.79,43.97,OK
16:53:45,32.79,43.97,OK
16:53:45,32.79,43.97,OK
16:53:54,25.82,41.79,OK
16:53:54,25.82,41.79,OK
16:53:54,25.82,41.79,OK
16:53:54,25.82,41.79,OK
16:54:02,27.2,59.82,OK
16:54:02,27.2,59.82,OK
16:54:02,27.2,59.82,OK
16:54:02,27.2,59.82,OK
16:54:11,29.66,45.17,OK
16:54:11,29.66,45.17,OK
16:54:11,29.66,45.17,OK
16:54:11,29.66,45.17,OK
16:54:20,26.74,78.81,OK
16:54:20,26.74,78.81,OK
16:54:20,26.74,78.81,OK
16:54:20,26.74,78.81,OK
16:54:28,31.03,52.47,OK
16:54:28,31.03,52.47,OK
16:54:28,31.03,52.47,OK
16:54:28,31.03,52.47,OK
16:54:37,33.1,60.48,OK
16:54:37,33.1,60.48,OK
16:54:37,33.1,60.48,OK
16:54:37,33.1,60.48,OK
16:54:46,31.63,68.63,OK
16:54:46,31.63,68.63,OK
16:54:46,31.63,68.63,OK
16:54:46,31.63,68.63,OK
16:54:54,26.39,54.61,OK
16:54:54,26.39,54.61,OK
16:54:54,26.39,54.61,OK
16:54:54,26.39,54.61,OK
16:55:01,30.63,72.07,OK
16:55:01,30.63,72.07,OK
16:55:01,30.63,72.07,OK
16:55:01,30.63,72.07,OK
16:55:08,32.36,44.32,OK
16:55:08,32.36,44.32,OK
16:55:08,32.36,44.32,OK
16:55:08,32.36,44.32,OK
16:55:14,28.14,61.09,OK
16:55:14,28.14,61.09,OK
16:55:14,28.14,61.09,OK
16:55:14,28.14,61.09,OK
16:55:21,28.59,44.02,OK
16:55:21,28.59,44.02,OK
16:55:21,28.59,44.02,OK
16:55:21,28.59,44.02,OK
16:55:28,34.42,56.53,OK
16:55:28,34.42,56.53,OK
16:55:28,34.42,56.53,OK
16:55:28,34.42,56.53,OK
16:55:34,32.15,61.58,OK
16:55:34,32.15,61.58,OK
16:55:34,32.15,61.58,OK
16:55:34,32.15,61.58,OK
16:55:39,26.91,74.17,OK
16:55:39,26.91,74.17,OK
16:55:39,26.91,74.17,OK
16:55:39,26.91,74.17,OK
16:55:44,26.9,63.82,OK
16:55:44,26.9,63.82,OK
16:55:44,26.9,63.82,OK
16:55:44,26.9,63.82,OK
16:55:50,26.92,55.42,OK
16:55:50,26.92,55.42,OK
16:55:50,26.92,55.42,OK
16:55:50,26.92,55.42,OK
16:55:56,32.93,79.65,OK
16:55:56,32.93,79.65,OK
16:55:56,32.93,79.65,OK
16:56:03,26.24,42.75,OK
16:56:03,26.24,42.75,OK
16:56:03,26.24,42.75,OK
16:56:03,26.24,42.75,OK
16:56:09,26.89,46.99,OK
16:56:09,26.89,46.99,OK
16:56:09,26.89,46.99,OK
16:56:09,26.89,46.99,OK
16:56:14,27.85,47.43,OK
16:56:14,27.85,47.43,OK
16:56:14,27.85,47.43,OK
16:56:14,27.85,47.43,OK
16:56:24,34.08,56.87,OK
16:56:24,34.08,56.87,OK
16:56:24,34.08,56.87,OK
16:56:24,34.08,56.87,OK
16:56:33,32.95,50.6,OK
16:56:33,32.95,50.6,OK
16:56:33,32.95,50.6,OK
16:56:33,32.95,50.6,OK
16:56:41,32.94,46.06,OK
16:56:41,32.94,46.06,OK
16:56:41,32.94,46.06,OK
16:56:41,32.94,46.06,OK
16:56:49,25.65,69.77,OK
16:56:49,25.65,69.77,OK
16:56:49,25.65,69.77,OK
16:56:49,25.65,69.77,OK
16:56:56,32.55,41.21,OK
16:56:56,32.55,41.21,OK
16:56:56,32.55,41.21,OK
16:57:04,27.22,45.99,OK
16:57:04,27.22,45.99,OK
16:57:04,27.22,45.99,OK
16:57:04,27.22,45.99,OK
16:57:11,25.37,59.03,OK
16:57:11,25.37,59.03,OK
16:57:11,25.37,59.03,OK
16:57:11,25.37,59.03,OK
16:57:20,30.21,58.34,OK
16:57:20,30.21,58.34,OK
16:57:20,30.21,58.34,OK
16:57:20,30.21,58.34,OK
16:57:27,26.31,77.08,OK
16:57:27,26.31,77.08,OK
16:57:27,26.31,77.08,OK
16:57:27,26.31,77.08,OK
16:57:33,31.33,54.0,OK
16:57:33,31.33,54.0,OK
16:57:33,31.33,54.0,OK
16:57:33,31.33,54.0,OK
16:57:41,26.44,45.3,OK
16:57:41,26.44,45.3,OK
16:57:41,26.44,45.3,OK
16:57:41,26.44,45.3,OK
16:57:48,30.94,55.05,OK
16:57:48,30.94,55.05,OK
16:57:48,30.94,55.05,OK
16:57:48,30.94,55.05,OK
16:57:55,32.85,52.86,OK
16:57:55,32.85,52.86,OK
16:57:55,32.85,52.86,OK
16:57:55,32.85,52.86,OK
16:58:05,34.3,47.51,OK
16:58:05,34.3,47.51,OK
16:58:05,34.3,47.51,OK
16:58:05,34.3,47.51,OK
16:58:16,26.89,62.97,OK
16:58:16,26.89,62.97,OK
16:58:16,26.89,62.97,OK
16:58:16,26.89,62.97,OK
16:58:25,29.98,51.83,OK
16:58:25,29.98,51.83,OK
16:58:25,29.98,51.83,OK
16:58:25,29.98,51.83,OK
16:58:34,34.24,47.01,OK
16:58:34,34.24,47.01,OK
16:58:34,34.24,47.01,OK
16:58:34,34.24,47.01,OK
16:58:44,34.08,64.41,OK
16:58:44,34.08,64.41,OK
16:58:44,34.08,64.41,OK
16:58:44,34.08,64.41,OK
16:58:54,34.24,67.66,OK
16:58:54,34.24,67.66,OK
16:58:54,34.24,67.66,OK
16:58:54,34.24,67.66,OK
16:59:02,28.22,74.49,OK
16:59:02,28.22,74.49,OK
16:59:02,28.22,74.49,OK
16:59:02,28.22,74.49,OK
16:59:07,32.68,53.47,OK
16:59:07,32.68,53.47,OK
16:59:07,32.68,53.47,OK
16:59:07,32.68,53.47,OK
16:59:14,28.93,67.56,OK
16:59:14,28.93,67.56,OK
16:59:14,28.93,67.56,OK
16:59:14,28.93,67.56,OK
16:59:23,34.57,45.57,OK
16:59:23,34.57,45.57,OK
16:59:23,34.57,45.57,OK
16:59:23,34.57,45.57,OK
16:59:31,31.49,60.53,OK
16:59:31,31.49,60.53,OK
16:59:31,31.49,60.53,OK
16:59:31,31.49,60.53,OK
16:59:37,34.36,63.37,OK
16:59:37,34.36,63.37,OK
16:59:37,34.36,63.37,OK
16:59:37,34.36,63.37,OK
16:59:45,32.65,57.28,OK
16:59:45,32.65,57.28,OK
16:59:45,32.65,57.28,OK
16:59:45,32.65,57.28,OK
16:59:52,30.26,44.5,OK
16:59:52,30.26,44.5,OK
16:59:52,30.26,44.5,OK
16:59:52,30.26,44.5,OK
17:00:00,25.36,69.22,OK
17:00:00,25.36,69.22,OK
17:00:00,25.36,69.22,OK
17:00:00,25.36,69.22,OK
17:00:05,29.4,71.15,OK
17:00:05,29.4,71.15,OK
17:00:05,29.4,71.15,OK
17:00:05,29.4,71.15,OK
17:00:10,34.96,78.65,Anomaly
17:00:10,34.96,78.65,Anomaly
17:00:10,34.96,78.65,Anomaly
17:00:10,34.96,78.65,Anomaly
17:00:16,25.92,75.28,OK
17:00:16,25.92,75.28,OK
17:00:16,25.92,75.28,OK
17:00:16,25.92,75.28,OK
17:00:25,25.94,43.6,OK
17:00:25,25.94,43.6,OK
17:00:25,25.94,43.6,OK
17:00:25,25.94,43.6,OK
17:00:33,32.85,48.32,OK
17:00:33,32.85,48.32,OK
17:00:33,32.85,48.32,OK
17:00:33,32.85,48.32,OK
17:00:40,29.18,49.31,OK
17:00:40,29.18,49.31,OK
17:00:40,29.18,49.31,OK
17:00:41,29.18,49.31,OK
17:00:48,27.08,59.09,OK
17:00:48,27.08,59.09,OK
17:00:48,27.08,59.09,OK
17:00:48,27.08,59.09,OK
17:00:55,32.03,53.39,OK
17:00:55,32.03,53.39,OK
17:00:55,32.03,53.39,OK
17:00:55,32.03,53.39,OK
17:01:02,30.14,76.79,OK
17:01:02,30.14,76.79,OK
17:01:02,30.14,76.79,OK
17:01:02,30.14,76.79,OK
17:01:08,34.41,43.92,OK
17:01:08,34.41,43.92,OK
17:01:08,34.41,43.92,OK
17:01:08,34.41,43.92,OK
17:01:14,33.51,77.62,OK
17:01:14,33.51,77.62,OK
17:01:14,33.51,77.62,OK
17:01:14,33.51,77.62,OK
17:01:22,30.89,79.5,OK
17:01:22,30.89,79.5,OK
17:01:22,30.89,79.5,OK
17:01:22,30.89,79.5,OK
17:01:30,26.59,57.1,OK
17:01:30,26.59,57.1,OK
17:01:30,26.59,57.1,OK
17:01:30,26.59,57.1,OK
17:01:37,29.35,69.88,OK
17:01:37,29.35,69.88,OK
17:01:37,29.35,69.88,OK
17:01:37,29.35,69.88,OK
17:01:46,25.99,57.23,OK
17:01:46,25.99,57.23,OK
17:01:46,25.99,57.23,OK
17:01:46,25.99,57.23,OK
17:01:54,29.83,64.64,OK
17:01:54,29.83,64.64,OK
17:01:54,29.83,64.64,OK
17:01:54,29.83,64.64,OK
17:02:02,29.73,59.03,OK
17:02:02,29.73,59.03,OK
17:02:02,29.73,59.03,OK
17:02:02,29.73,59.03,OK
17:02:11,28.63,41.41,OK
17:02:11,28.63,41.41,OK
17:02:11,28.63,41.41,OK
17:02:11,28.63,41.41,OK
17:02:19,33.69,51.01,OK
17:02:19,33.69,51.01,OK
17:02:19,33.69,51.01,OK
17:02:19,33.69,51.01,OK
17:02:27,25.58,64.68,OK
17:02:27,25.58,64.68,OK
17:02:27,25.58,64.68,OK
17:02:27,25.58,64.68,OK
17:02:35,33.39,44.68,OK
17:02:35,33.39,44.68,OK
17:02:35,33.39,44.68,OK
17:02:35,33.39,44.68,OK
17:02:44,25.32,46.65,OK
17:02:44,25.32,46.65,OK
17:02:44,25.32,46.65,OK
17:02:51,25.09,58.04,OK
17:02:51,25.09,58.04,OK
17:02:51,25.09,58.04,OK
17:02:51,25.09,58.04,OK
17:02:57,27.22,45.19,OK
17:02:57,27.22,45.19,OK
17:02:57,27.22,45.19,OK
17:02:57,27.22,45.19,OK
17:03:03,33.74,45.79,OK
17:03:03,33.74,45.79,OK
17:03:03,33.74,45.79,OK
17:03:03,33.74,45.79,OK
17:03:10,33.96,55.69,OK
17:03:10,33.96,55.69,OK
17:03:10,33.96,55.69,OK
17:03:10,33.96,55.69,OK
17:03:19,27.79,41.64,OK
17:03:19,27.79,41.64,OK
17:03:19,27.79,41.64,OK
17:03:19,27.79,41.64,OK
17:03:27,25.33,57.79,OK
17:03:27,25.33,57.79,OK
17:03:27,25.33,57.79,OK
17:03:27,25.33,57.79,OK
17:03:34,28.75,75.09,OK
17:03:34,28.75,75.09,OK
17:03:34,28.75,75.09,OK
17:03:34,28.75,75.09,OK
17:03:43,30.51,76.9,OK
17:03:43,30.51,76.9,OK
17:03:43,30.51,76.9,OK
17:03:43,30.51,76.9,OK
17:03:50,27.6,76.6,OK
17:03:50,27.6,76.6,OK
17:03:50,27.6,76.6,OK
17:03:50,27.6,76.6,OK
17:03:57,32.54,40.56,OK
17:03:57,32.54,40.56,OK
17:03:57,32.54,40.56,OK
17:03:57,32.54,40.56,OK
17:04:04,27.61,58.73,OK
17:04:04,27.61,58.73,OK
17:04:04,27.61,58.73,OK
17:04:04,27.61,58.73,OK
17:04:11,25.82,58.55,OK
17:04:11,25.82,58.55,OK
17:04:12,25.82,58.55,OK
17:04:19,29.59,54.43,OK
17:04:19,29.59,54.43,OK
17:04:19,29.59,54.43,OK
17:04:19,29.59,54.43,OK
17:04:29,26.38,50.99,OK
17:04:29,26.38,50.99,OK
17:04:29,26.38,50.99,OK
17:04:29,26.38,50.99,OK
17:04:37,29.45,79.09,OK
17:04:37,29.45,79.09,OK
17:04:37,29.45,79.09,OK
17:04:37,29.45,79.09,OK
17:04:45,31.88,63.18,OK
17:04:45,31.88,63.18,OK
17:04:45,31.88,63.18,OK
17:04:45,31.88,63.18,OK
17:04:52,32.07,42.38,OK
17:04:52,32.07,42.38,OK
17:04:52,32.07,42.38,OK
17:04:52,32.07,42.38,OK
17:05:01,31.11,56.37,OK
17:05:01,31.11,56.37,OK
17:05:01,31.11,56.37,OK
17:05:01,31.11,56.37,OK
17:05:09,32.36,44.31,OK
17:05:10,32.36,44.31,OK
17:05:10,32.36,44.31,OK
17:05:10,32.36,44.31,OK
17:05:17,31.18,67.64,OK
17:05:17,31.18,67.64,OK
17:05:17,31.18,67.64,OK
17:05:17,31.18,67.64,OK
17:05:27,25.93,51.29,OK
17:05:27,25.93,51.29,OK
17:05:27,25.93,51.29,OK
17:05:27,25.93,51.29,OK
17:05:35,27.55,58.76,OK
17:05:35,27.55,58.76,OK
17:05:35,27.55,58.76,OK
17:05:35,27.55,58.76,OK
17:05:42,33.86,60.17,OK
17:05:42,33.86,60.17,OK
17:05:42,33.86,60.17,OK
17:05:51,27.57,59.19,OK
17:05:51,27.57,59.19,OK
17:05:51,27.57,59.19,OK
17:05:51,27.57,59.19,OK
17:05:59,30.09,56.64,OK
17:05:59,30.09,56.64,OK
17:05:59,30.09,56.64,OK
17:05:59,30.09,56.64,OK
17:06:05,34.77,62.98,OK
17:06:05,34.77,62.98,OK
17:06:05,34.77,62.98,OK
17:06:05,34.77,62.98,OK
17:06:13,30.12,70.2,OK
17:06:13,30.12,70.2,OK
17:06:13,30.12,70.2,OK
17:06:13,30.12,70.2,OK
17:06:21,25.81,65.4,OK
17:06:21,25.81,65.4,OK
17:06:21,25.81,65.4,OK
17:06:21,25.81,65.4,OK
17:06:29,30.27,59.17,OK
17:06:29,30.27,59.17,OK
17:06:29,30.27,59.17,OK
17:06:29,30.27,59.17,OK
17:06:35,29.51,64.86,OK
17:06:36,29.51,64.86,OK
17:06:36,29.51,64.86,OK
17:06:36,29.51,64.86,OK
17:06:43,33.28,70.82,OK
17:06:43,33.28,70.82,OK
17:06:43,33.28,70.82,OK
17:06:43,33.28,70.82,OK
17:06:53,28.03,49.54,OK
17:06:53,28.03,49.54,OK
17:06:53,28.03,49.54,OK
17:06:53,28.03,49.54,OK
17:07:01,29.58,41.59,OK
17:07:01,29.58,41.59,OK
17:07:01,29.58,41.59,OK
17:07:01,29.58,41.59,OK
17:07:08,30.93,77.8,OK
17:07:08,30.93,77.8,OK
17:07:08,30.93,77.8,OK
17:07:08,30.93,77.8,OK
17:07:17,25.88,51.61,OK
17:07:17,25.88,51.61,OK
17:07:17,25.88,51.61,OK
17:07:17,25.88,51.61,OK
17:07:25,28.84,53.56,OK
17:07:25,28.84,53.56,OK
17:07:25,28.84,53.56,OK
17:07:25,28.84,53.56,OK
17:07:33,27.18,76.97,OK
17:07:33,27.18,76.97,OK
17:07:33,27.18,76.97,OK
17:07:33,27.18,76.97,OK
17:07:40,30.22,52.29,OK
17:07:40,30.22,52.29,OK
17:07:40,30.22,52.29,OK
17:07:40,30.22,52.29,OK
17:07:49,29.53,44.25,OK
17:07:49,29.53,44.25,OK
17:07:49,29.53,44.25,OK
17:07:49,29.53,44.25,OK
17:07:57,32.35,59.03,OK
17:07:57,32.35,59.03,OK
17:07:57,32.35,59.03,OK
17:07:57,32.35,59.03,OK
17:08:05,28.2,68.51,OK
17:08:05,28.2,68.51,OK
17:08:05,28.2,68.51,OK
17:08:05,28.2,68.51,OK
17:08:13,31.34,61.61,OK
17:08:13,31.34,61.61,OK
17:08:13,31.34,61.61,OK
17:08:13,31.34,61.61,OK
17:08:21,29.93,50.95,OK
17:08:21,29.93,50.95,OK
17:08:21,29.93,50.95,OK
17:08:21,29.93,50.95,OK
17:08:28,28.61,46.42,OK
17:08:28,28.61,46.42,OK
17:08:28,28.61,46.42,OK
17:08:28,28.61,46.42,OK
17:08:36,25.13,61.86,OK
17:08:36,25.13,61.86,OK
17:08:36,25.13,61.86,OK
17:08:36,25.13,61.86,OK
17:08:43,30.15,69.81,OK
17:08:43,30.15,69.81,OK
17:08:43,30.15,69.81,OK
17:08:43,30.15,69.81,OK
17:08:52,26.32,47.81,OK
17:08:52,26.32,47.81,OK
17:08:52,26.32,47.81,OK
17:09:00,31.43,53.73,OK
17:09:00,31.43,53.73,OK
17:09:00,31.43,53.73,OK
17:09:00,31.43,53.73,OK
17:09:08,30.75,46.7,OK
17:09:08,30.75,46.7,OK
17:09:08,30.75,46.7,OK
17:09:08,30.75,46.7,OK
17:09:15,34.25,77.99,OK
17:09:15,34.25,77.99,OK
17:09:15,34.25,77.99,OK
17:09:15,34.25,77.99,OK
17:09:21,33.1,79.35,OK
17:09:21,33.1,79.35,OK
17:09:21,33.1,79.35,OK
17:09:21,33.1,79.35,OK
17:09:28,30.35,52.86,OK
17:09:28,30.35,52.86,OK
17:09:28,30.35,52.86,OK
17:09:28,30.35,52.86,OK
17:09:33,29.94,43.3,OK
17:09:33,29.94,43.3,OK
17:09:33,29.94,43.3,OK
17:09:33,29.94,43.3,OK
17:09:39,31.92,58.74,OK
17:09:39,31.92,58.74,OK
17:09:39,31.92,58.74,OK
17:09:39,31.92,58.74,OK
17:09:46,34.32,72.59,OK
17:09:46,34.32,72.59,OK
17:09:46,34.32,72.59,OK
17:09:46,34.32,72.59,OK
17:09:54,28.2,58.96,OK
17:09:54,28.2,58.96,OK
17:09:54,28.2,58.96,OK
17:09:54,28.2,58.96,OK
17:10:04,30.83,72.05,OK
17:10:04,30.83,72.05,OK
17:10:04,30.83,72.05,OK
17:10:04,30.83,72.05,OK
17:10:12,27.34,72.07,OK
17:10:12,27.34,72.07,OK
17:10:12,27.34,72.07,OK
17:10:12,27.34,72.07,OK
17:10:19,32.65,70.64,OK
17:10:19,32.65,70.64,OK
17:10:19,32.65,70.64,OK
17:10:19,32.65,70.64,OK
17:10:27,32.8,53.92,OK
17:10:27,32.8,53.92,OK
17:10:27,32.8,53.92,OK
17:10:28,32.8,53.92,OK
17:10:35,32.31,50.44,OK
17:10:35,32.31,50.44,OK
17:10:35,32.31,50.44,OK
17:10:35,32.31,50.44,OK
17:10:45,30.77,60.41,OK
17:10:45,30.77,60.41,OK
17:10:45,30.77,60.41,OK
17:10:45,30.77,60.41,OK
17:10:52,30.99,72.74,OK
17:10:52,30.99,72.74,OK
17:10:52,30.99,72.74,OK
17:10:52,30.99,72.74,OK
17:11:00,30.88,51.64,OK
17:11:00,30.88,51.64,OK
17:11:00,30.88,51.64,OK
17:11:00,30.88,51.64,OK
17:11:07,34.89,79.63,Anomaly
17:11:07,34.89,79.63,Anomaly
17:11:07,34.89,79.63,Anomaly
17:11:07,34.89,79.63,Anomaly
17:11:14,26.04,63.1,OK
17:11:14,26.04,63.1,OK
17:11:14,26.04,63.1,OK
17:11:14,26.04,63.1,OK
17:11:22,32.82,63.77,OK
17:11:22,32.82,63.77,OK
17:11:22,32.82,63.77,OK
17:11:22,32.82,63.77,OK
17:11:28,26.08,79.2,OK
17:11:28,26.08,79.2,OK
17:11:28,26.08,79.2,OK
17:11:28,26.08,79.2,OK
17:11:38,33.86,69.65,OK
17:11:38,33.86,69.65,OK
17:11:38,33.86,69.65,OK
17:11:38,33.86,69.65,OK
17:11:46,32.69,72.72,OK
17:11:46,32.69,72.72,OK
17:11:46,32.69,72.72,OK
17:11:46,32.69,72.72,OK
17:11:52,26.31,70.28,OK
17:11:52,26.31,70.28,OK
17:11:52,26.31,70.28,OK
17:11:52,26.31,70.28,OK
17:12:01,28.57,72.56,OK
17:12:01,28.57,72.56,OK
17:12:01,28.57,72.56,OK
17:12:01,28.57,72.56,OK
17:12:08,28.69,79.93,OK
17:12:08,28.69,79.93,OK
17:12:08,28.69,79.93,OK
17:12:08,28.69,79.93,OK
17:12:17,26.66,41.22,OK
17:12:17,26.66,41.22,OK
17:12:17,26.66,41.22,OK
17:12:17,26.66,41.22,OK
17:12:26,33.03,58.7,OK
17:12:26,33.03,58.7,OK
17:12:26,33.03,58.7,OK
17:12:26,33.03,58.7,OK
17:12:33,27.88,68.09,OK
17:12:33,27.88,68.09,OK
17:12:33,27.88,68.09,OK
17:12:33,27.88,68.09,OK
17:12:40,27.0,53.2,OK
17:12:40,27.0,53.2,OK
17:12:40,27.0,53.2,OK
17:12:48,33.18,63.35,OK
17:12:48,33.18,63.35,OK
17:12:48,33.18,63.35,OK
17:12:48,33.18,63.35,OK
17:12:56,25.66,78.44,OK
17:12:56,25.66,78.44,OK
17:12:56,25.66,78.44,OK
17:13:04,25.42,45.47,OK
17:13:04,25.42,45.47,OK
17:13:04,25.42,45.47,OK
17:13:04,25.42,45.47,OK
17:13:13,25.04,46.93,OK
17:13:13,25.04,46.93,OK
17:13:13,25.04,46.93,OK
17:13:20,28.95,73.51,OK
17:13:20,28.95,73.51,OK
17:13:20,28.95,73.51,OK
17:13:20,28.95,73.51,OK
17:13:27,30.44,64.26,OK
17:13:27,30.44,64.26,OK
17:13:27,30.44,64.26,OK
17:13:27,30.44,64.26,OK
17:13:36,30.11,67.46,OK
17:13:36,30.11,67.46,OK
17:13:36,30.11,67.46,OK
17:13:36,30.11,67.46,OK
17:13:44,34.28,42.72,OK
17:13:44,34.28,42.72,OK
17:13:44,34.28,42.72,OK
17:13:44,34.28,42.72,OK
17:13:53,27.41,68.18,OK
17:13:53,27.41,68.18,OK
17:13:53,27.41,68.18,OK
17:13:53,27.41,68.18,OK
17:14:00,28.05,48.01,OK
17:14:00,28.05,48.01,OK
17:14:00,28.05,48.01,OK
17:14:00,28.05,48.01,OK
17:14:07,32.37,72.75,OK
17:14:07,32.37,72.75,OK
17:14:07,32.37,72.75,OK
17:14:07,32.37,72.75,OK
17:14:15,29.63,65.2,OK
17:14:15,29.63,65.2,OK
17:14:15,29.63,65.2,OK
17:14:15,29.63,65.2,OK
17:14:24,26.79,45.27,OK
17:14:24,26.79,45.27,OK
17:14:24,26.79,45.27,OK
17:14:24,26.79,45.27,OK
17:14:32,27.97,61.44,OK
17:14:32,27.97,61.44,OK
17:14:32,27.97,61.44,OK
17:14:32,27.97,61.44,OK
17:14:39,26.8,68.86,OK
17:14:39,26.8,68.86,OK
17:14:39,26.8,68.86,OK
17:14:39,26.8,68.86,OK
17:14:46,34.83,54.73,OK
17:14:46,34.83,54.73,OK
17:14:46,34.83,54.73,OK
17:14:46,34.83,54.73,OK
17:14:55,34.39,50.8,OK
17:14:55,34.39,50.8,OK
17:14:55,34.39,50.8,OK
17:14:55,34.39,50.8,OK
17:15:03,33.8,63.21,OK
17:15:03,33.8,63.21,OK
17:15:03,33.8,63.21,OK
17:15:03,33.8,63.21,OK
17:15:10,34.3,72.58,OK
17:15:10,34.3,72.58,OK
17:15:10,34.3,72.58,OK
17:15:10,34.3,72.58,OK
17:20:56,29.35,42.15,OK
17:20:56,29.35,42.15,OK
17:21:04,34.11,44.79,OK
17:21:05,34.11,44.79,OK
17:21:12,33.97,62.44,OK
17:21:12,33.97,62.44,OK
17:21:12,33.97,62.44,OK
17:21:20,30.7,49.14,OK
17:21:20,30.7,49.14,OK
17:21:20,30.7,49.14,OK
17:21:29,28.97,48.38,OK
17:21:29,28.97,48.38,OK
17:21:29,28.97,48.38,OK
17:21:39,32.69,58.67,OK
17:21:39,32.69,58.67,OK
17:21:39,32.69,58.67,OK
17:21:49,25.3,58.36,OK
17:21:49,25.3,58.36,OK
17:21:49,25.3,58.36,OK
17:21:58,31.38,54.55,OK
17:21:58,31.38,54.55,OK
17:21:58,31.38,54.55,OK
17:22:06,26.22,69.75,OK
17:22:06,26.22,69.75,OK
17:22:06,26.22,69.75,OK
17:22:15,30.67,60.04,OK
17:22:15,30.67,60.04,OK
17:22:15,30.67,60.04,OK
17:22:25,29.76,68.56,OK
17:22:25,29.76,68.56,OK
17:22:25,29.76,68.56,OK
17:22:34,30.93,69.85,OK
17:22:34,30.93,69.85,OK
17:22:34,30.93,69.85,OK
17:22:44,34.18,55.11,OK
17:22:44,34.18,55.11,OK
17:22:44,34.18,55.11,OK
17:22:51,32.41,62.49,OK
17:22:51,32.41,62.49,OK
17:22:51,32.41,62.49,OK
17:22:58,33.06,54.88,OK
17:22:58,33.06,54.88,OK
17:22:58,33.06,54.88,OK
17:23:05,31.24,64.54,OK
17:23:05,31.24,64.54,OK
17:23:05,31.24,64.54,OK
17:23:14,33.77,61.54,OK
17:23:14,33.77,61.54,OK
17:23:14,33.77,61.54,OK
17:23:20,32.77,72.83,OK
17:23:20,32.77,72.83,OK
17:23:20,32.77,72.83,OK
17:23:28,27.18,71.45,OK
17:23:28,27.18,71.45,OK
17:23:28,27.18,71.45,OK
17:23:35,25.9,49.83,OK
17:23:35,25.9,49.83,OK
17:23:35,25.9,49.83,OK
17:23:42,33.06,55.44,OK
17:23:42,33.06,55.44,OK
17:23:42,33.06,55.44,OK
17:23:50,30.88,66.0,OK
17:23:50,30.88,66.0,OK
17:23:50,30.88,66.0,OK
17:23:59,25.04,42.61,OK
17:23:59,25.04,42.61,OK
17:23:59,25.04,42.61,OK
17:24:06,28.59,49.13,OK
17:24:06,28.59,49.13,OK
17:24:06,28.59,49.13,OK
17:24:16,32.73,65.29,OK
17:24:16,32.73,65.29,OK
17:24:16,32.73,65.29,OK
17:24:26,30.63,65.69,OK
17:24:26,30.63,65.69,OK
17:24:26,30.63,65.69,OK
17:24:33,29.03,49.07,OK
17:24:33,29.03,49.07,OK
17:24:33,29.03,49.07,OK
17:24:41,29.47,61.28,OK
17:24:41,29.47,61.28,OK
17:24:41,29.47,61.28,OK
17:24:51,26.44,71.81,OK
17:24:51,26.44,71.81,OK
17:24:51,26.44,71.81,OK
17:25:00,30.25,72.74,OK
17:25:00,30.25,72.74,OK
17:25:00,30.25,72.74,OK
17:25:07,26.42,78.89,OK
17:25:07,26.42,78.89,OK
17:25:07,26.42,78.89,OK
17:25:15,26.76,49.01,OK
17:25:15,26.76,49.01,OK
17:25:15,26.76,49.01,OK
17:25:26,31.12,42.05,OK
17:25:26,31.12,42.05,OK
17:25:26,31.12,42.05,OK
17:25:34,25.81,72.7,OK
17:25:34,25.81,72.7,OK
17:25:34,25.81,72.7,OK
17:25:42,32.82,75.77,OK
17:25:42,32.82,75.77,OK
17:25:42,32.82,75.77,OK
17:25:49,31.64,45.92,OK
17:25:49,31.64,45.92,OK
17:25:49,31.64,45.92,OK
17:25:56,33.72,40.28,OK
17:25:56,33.72,40.28,OK
17:25:56,33.72,40.28,OK
17:26:04,34.05,44.88,OK
17:26:04,34.05,44.88,OK
17:26:04,34.05,44.88,OK
17:26:12,32.85,61.27,OK
17:26:12,32.85,61.27,OK
17:26:12,32.85,61.27,OK
17:26:19,33.19,72.18,OK
17:26:19,33.19,72.18,OK
17:26:19,33.19,72.18,OK
17:26:29,34.59,49.01,OK
17:26:29,34.59,49.01,OK
17:26:29,34.59,49.01,OK
17:26:34,34.98,78.26,Anomaly
17:26:34,34.98,78.26,Anomaly
17:26:34,34.98,78.26,Anomaly
17:26:40,26.87,66.74,OK
17:26:40,26.87,66.74,OK
17:26:40,26.87,66.74,OK
17:26:48,27.87,43.54,OK
17:26:48,27.87,43.54,OK
17:26:48,27.87,43.54,OK
17:26:53,29.45,50.86,OK
17:26:53,29.45,50.86,OK
17:26:53,29.45,50.86,OK
17:27:01,26.35,78.82,OK
17:27:02,26.35,78.82,OK
17:27:02,26.35,78.82,OK
17:27:10,27.94,47.85,OK
17:27:10,27.94,47.85,OK
17:27:10,27.94,47.85,OK
17:27:19,28.36,68.22,OK
17:27:19,28.36,68.22,OK
17:27:19,28.36,68.22,OK
17:27:27,32.09,78.9,OK
17:27:27,32.09,78.9,OK
17:27:27,32.09,78.9,OK
17:27:35,31.77,61.17,OK
17:27:35,31.77,61.17,OK
17:27:35,31.77,61.17,OK
17:27:42,32.76,60.35,OK
17:27:42,32.76,60.35,OK
17:27:42,32.76,60.35,OK
17:27:52,31.81,70.11,OK
17:27:52,31.81,70.11,OK
17:27:52,31.81,70.11,OK
17:28:02,28.37,58.97,OK
17:28:02,28.37,58.97,OK
17:28:02,28.37,58.97,OK
17:28:11,31.22,46.43,OK
17:28:11,31.22,46.43,OK
17:28:11,31.22,46.43,OK
17:28:19,32.57,54.37,OK
17:28:19,32.57,54.37,OK
17:28:19,32.57,54.37,OK
17:28:27,29.69,61.97,OK
17:28:27,29.69,61.97,OK
17:28:27,29.69,61.97,OK
17:28:35,32.38,56.32,OK
17:28:35,32.38,56.32,OK
17:28:35,32.38,56.32,OK
17:28:44,31.46,79.38,OK
17:28:44,31.46,79.38,OK
17:28:44,31.46,79.38,OK
17:28:55,31.84,77.96,OK
17:28:55,31.84,77.96,OK
17:28:55,31.84,77.96,OK
17:29:04,32.52,75.64,OK
17:29:04,32.52,75.64,OK
17:29:04,32.52,75.64,OK
17:29:15,28.03,58.35,OK
17:29:15,28.03,58.35,OK
17:29:15,28.03,58.35,OK
17:29:24,32.08,60.7,OK
17:29:24,32.08,60.7,OK
17:29:24,32.08,60.7,OK
17:29:33,31.4,53.89,OK
17:29:33,31.4,53.89,OK
17:29:39,29.18,46.83,OK
17:29:39,29.18,46.83,OK
17:29:39,29.18,46.83,OK
17:29:47,26.84,68.54,OK
17:29:47,26.84,68.54,OK
17:29:47,26.84,68.54,OK
17:29:55,32.18,74.17,OK
17:29:55,32.18,74.17,OK
17:29:55,32.18,74.17,OK
17:30:02,26.48,47.52,OK
17:30:02,26.48,47.52,OK
17:30:02,26.48,47.52,OK
17:30:09,25.44,43.11,OK
17:30:09,25.44,43.11,OK
17:30:18,33.0,77.36,OK
17:30:18,33.0,77.36,OK
17:30:18,33.0,77.36,OK
17:30:25,31.5,68.39,OK
17:30:25,31.5,68.39,OK
17:30:25,31.5,68.39,OK
17:30:36,27.9,54.85,OK
17:30:36,27.9,54.85,OK
17:30:36,27.9,54.85,OK
17:30:42,33.81,62.02,OK
17:30:42,33.81,62.02,OK
17:30:51,30.02,56.88,OK
17:30:51,30.02,56.88,OK
17:30:51,30.02,56.88,OK
17:31:00,31.59,56.87,OK
17:31:00,31.59,56.87,OK
17:31:00,31.59,56.87,OK
17:31:07,29.9,55.05,OK
17:31:07,29.9,55.05,OK
17:31:07,29.9,55.05,OK
17:31:15,26.36,43.26,OK
17:31:15,26.36,43.26,OK
17:31:15,26.36,43.26,OK
17:31:25,31.42,59.17,OK
17:31:25,31.42,59.17,OK
17:31:25,31.42,59.17,OK
17:31:33,34.39,46.7,OK
17:31:33,34.39,46.7,OK
17:31:33,34.39,46.7,OK
17:31:41,25.65,76.2,OK
17:31:41,25.65,76.2,OK
17:31:41,25.65,76.2,OK
17:31:50,25.04,73.39,OK
17:31:50,25.04,73.39,OK
17:31:50,25.04,73.39,OK
17:31:57,34.47,60.83,OK
17:31:57,34.47,60.83,OK
17:31:57,34.47,60.83,OK
17:32:04,29.93,72.88,OK
17:32:04,29.93,72.88,OK
17:32:04,29.93,72.88,OK
17:32:09,27.17,56.05,OK
17:32:09,27.17,56.05,OK
17:32:09,27.17,56.05,OK
17:32:15,30.77,60.91,OK
17:32:15,30.77,60.91,OK
17:32:15,30.77,60.91,OK
17:32:20,30.97,76.22,OK
17:32:20,30.97,76.22,OK
17:32:26,26.59,44.12,OK
17:32:26,26.59,44.12,OK
17:32:26,26.59,44.12,OK
17:32:31,32.33,70.35,OK
17:32:31,32.33,70.35,OK
17:32:31,32.33,70.35,OK
17:32:37,26.96,44.79,OK
17:32:37,26.96,44.79,OK
17:32:37,26.96,44.79,OK
17:32:46,33.92,47.16,OK
17:32:46,33.92,47.16,OK
17:32:46,33.92,47.16,OK
17:32:54,26.71,47.07,OK
17:32:54,26.71,47.07,OK
17:33:03,28.96,69.68,OK
17:33:03,28.96,69.68,OK
17:33:03,28.96,69.68,OK
17:33:10,32.53,49.01,OK
17:33:10,32.53,49.01,OK
17:33:10,32.53,49.01,OK
17:33:19,28.3,58.66,OK
17:33:19,28.3,58.66,OK
17:33:19,28.3,58.66,OK
17:33:28,26.18,50.02,OK
17:33:28,26.18,50.02,OK
17:33:28,26.18,50.02,OK
17:33:37,25.88,79.49,OK
17:33:37,25.88,79.49,OK
17:33:37,25.88,79.49,OK
17:33:44,29.84,69.26,OK
17:33:44,29.84,69.26,OK
17:33:44,29.84,69.26,OK
17:33:52,25.95,48.39,OK
17:33:52,25.95,48.39,OK
17:33:52,25.95,48.39,OK
17:34:00,29.57,44.95,OK
17:34:00,29.57,44.95,OK
17:34:00,29.57,44.95,OK
17:34:09,34.66,47.23,OK
17:34:09,34.66,47.23,OK
17:34:09,34.66,47.23,OK
17:34:18,30.1,61.48,OK
17:34:18,30.1,61.48,OK
17:34:18,30.1,61.48,OK
17:34:26,27.47,50.38,OK
17:34:26,27.47,50.38,OK
17:34:26,27.47,50.38,OK
17:34:35,31.47,56.93,OK
17:34:35,31.47,56.93,OK
17:34:35,31.47,56.93,OK
17:34:41,30.85,75.5,OK
17:34:41,30.85,75.5,OK
17:34:41,30.85,75.5,OK
17:34:51,26.85,71.96,OK
17:34:51,26.85,71.96,OK
17:35:00,30.73,77.75,OK
17:35:00,30.73,77.75,OK
17:35:00,30.73,77.75,OK
17:35:07,27.2,63.63,OK
17:35:07,27.2,63.63,OK
17:35:07,27.2,63.63,OK
17:35:14,29.64,74.15,OK
17:35:14,29.64,74.15,OK
17:35:14,29.64,74.15,OK
17:35:23,30.29,64.44,OK
17:35:23,30.29,64.44,OK
17:35:23,30.29,64.44,OK
17:35:33,28.63,49.51,OK
17:35:33,28.63,49.51,OK
17:35:33,28.63,49.51,OK
17:35:41,30.71,69.66,OK
17:35:41,30.71,69.66,OK
17:35:41,30.71,69.66,OK
17:35:51,34.48,51.45,OK
17:35:51,34.48,51.45,OK
17:35:51,34.48,51.45,OK
17:36:01,28.06,56.41,OK
17:36:01,28.06,56.41,OK
17:36:01,28.06,56.41,OK
17:36:08,29.48,63.67,OK
17:36:08,29.48,63.67,OK
17:36:08,29.48,63.67,OK
17:36:15,31.53,52.13,OK
17:36:16,31.53,52.13,OK
17:36:16,31.53,52.13,OK
17:36:25,31.55,50.6,OK
17:36:25,31.55,50.6,OK
17:36:26,31.55,50.6,OK
17:36:35,32.36,75.44,OK
17:36:35,32.36,75.44,OK
17:36:35,32.36,75.44,OK
17:36:42,30.64,57.48,OK
17:36:42,30.64,57.48,OK
17:36:42,30.64,57.48,OK
17:36:51,34.03,61.24,OK
17:36:51,34.03,61.24,OK
17:36:51,34.03,61.24,OK
17:37:00,26.84,61.72,OK
17:37:00,26.84,61.72,OK
17:37:00,26.84,61.72,OK
17:37:09,32.71,69.15,OK
17:37:09,32.71,69.15,OK
17:37:09,32.71,69.15,OK
17:37:17,33.49,67.69,OK
17:37:17,33.49,67.69,OK
17:37:17,33.49,67.69,OK
17:37:26,28.06,59.62,OK
17:37:26,28.06,59.62,OK
17:37:26,28.06,59.62,OK
17:37:38,32.15,48.25,OK
17:37:38,32.15,48.25,OK
17:37:38,32.15,48.25,OK
17:37:46,30.21,46.23,OK
17:37:46,30.21,46.23,OK
17:37:46,30.21,46.23,OK
17:37:55,28.11,57.06,OK
17:37:55,28.11,57.06,OK
17:37:55,28.11,57.06,OK
17:38:05,32.38,47.26,OK
17:38:05,32.38,47.26,OK
17:38:05,32.38,47.26,OK
17:38:15,28.63,41.23,OK
17:38:15,28.63,41.23,OK
17:38:15,28.63,41.23,OK
17:38:22,29.42,60.45,OK
17:38:22,29.42,60.45,OK
17:38:22,29.42,60.45,OK
17:38:30,27.75,64.35,OK
17:38:30,27.75,64.35,OK
17:38:30,27.75,64.35,OK
17:38:38,30.63,63.54,OK
17:38:38,30.63,63.54,OK
17:38:38,30.63,63.54,OK
17:38:46,32.76,43.07,OK
17:38:46,32.76,43.07,OK
17:38:46,32.76,43.07,OK
17:38:55,32.07,68.14,OK
17:38:55,32.07,68.14,OK
17:38:55,32.07,68.14,OK
17:39:03,28.32,42.7,OK
17:39:03,28.32,42.7,OK
17:39:03,28.32,42.7,OK
17:39:11,28.23,63.86,OK
17:39:11,28.23,63.86,OK
17:39:11,28.23,63.86,OK
17:39:18,26.05,71.46,OK
17:39:18,26.05,71.46,OK
17:39:18,26.05,71.46,OK
17:39:23,29.51,48.75,OK
17:39:23,29.51,48.75,OK
17:39:23,29.51,48.75,OK
17:39:31,30.16,77.99,OK
17:39:31,30.16,77.99,OK
17:39:31,30.16,77.99,OK
17:39:38,32.53,79.03,OK
17:39:38,32.53,79.03,OK
17:39:38,32.53,79.03,OK
17:39:48,25.53,57.45,OK
17:39:48,25.53,57.45,OK
17:39:48,25.53,57.45,OK
17:39:56,32.52,53.27,OK
17:39:56,32.52,53.27,OK
17:39:56,32.52,53.27,OK
17:40:05,32.14,62.85,OK
17:40:05,32.14,62.85,OK
17:40:05,32.14,62.85,OK
17:40:11,34.76,55.59,OK
17:40:11,34.76,55.59,OK
17:40:11,34.76,55.59,OK
17:40:19,33.78,53.74,OK
17:40:19,33.78,53.74,OK
17:40:19,33.78,53.74,OK
17:40:26,28.42,49.01,OK
17:40:26,28.42,49.01,OK
17:40:26,28.42,49.01,OK
17:40:33,26.22,77.68,OK
17:40:33,26.22,77.68,OK
17:40:33,26.22,77.68,OK
17:40:39,28.33,60.26,OK
17:40:39,28.33,60.26,OK
17:40:39,28.33,60.26,OK
17:40:47,28.84,69.93,OK
17:40:47,28.84,69.93,OK
17:40:56,32.28,56.51,OK
17:40:56,32.28,56.51,OK
17:40:56,32.28,56.51,OK
17:41:02,31.92,74.79,OK
17:41:02,31.92,74.79,OK
17:41:02,31.92,74.79,OK
17:41:10,27.58,55.55,OK
17:41:10,27.58,55.55,OK
17:41:10,27.58,55.55,OK
17:41:20,32.07,51.6,OK
17:41:20,32.07,51.6,OK
17:41:20,32.07,51.6,OK
17:41:27,31.2,78.57,OK
17:41:27,31.2,78.57,OK
17:41:27,31.2,78.57,OK
17:41:36,27.7,51.59,OK
17:41:36,27.7,51.59,OK
17:41:36,27.7,51.59,OK
17:41:43,28.44,41.87,OK
17:41:43,28.44,41.87,OK
17:41:43,28.44,41.87,OK
17:41:53,26.82,47.74,OK
17:41:53,26.82,47.74,OK
17:41:53,26.82,47.74,OK
17:41:59,29.73,72.69,OK
17:41:59,29.73,72.69,OK
17:41:59,29.73,72.69,OK
17:42:05,25.66,59.75,OK
17:42:05,25.66,59.75,OK
17:42:05,25.66,59.75,OK
17:42:13,26.93,49.68,OK
17:42:13,26.93,49.68,OK
17:42:14,26.93,49.68,OK
17:42:21,28.87,56.73,OK
17:42:21,28.87,56.73,OK
17:42:28,30.48,41.4,OK
17:42:28,30.48,41.4,OK
17:42:28,30.48,41.4,OK
17:42:36,25.47,72.9,OK
17:42:36,25.47,72.9,OK
17:42:36,25.47,72.9,OK
17:42:40,29.05,62.79,OK
17:42:40,29.05,62.79,OK
17:42:40,29.05,62.79,OK
17:42:46,33.66,68.95,OK
17:42:46,33.66,68.95,OK
17:42:46,33.66,68.95,OK
17:42:51,30.72,40.61,OK
17:42:51,30.72,40.61,OK
17:42:51,30.72,40.61,OK
17:42:57,29.35,61.66,OK
17:42:57,29.35,61.66,OK
17:42:57,29.35,61.66,OK
17:43:02,31.2,73.46,OK
17:43:02,31.2,73.46,OK
17:43:10,31.76,47.17,OK
17:43:10,31.76,47.17,OK
17:43:10,31.76,47.17,OK
17:43:15,26.69,56.58,OK
17:43:16,26.69,56.58,OK
17:43:16,26.69,56.58,OK
17:43:23,30.7,67.79,OK
17:43:23,30.7,67.79,OK
17:43:23,30.7,67.79,OK
17:43:30,34.87,51.87,OK
17:43:30,34.87,51.87,OK
17:43:30,34.87,51.87,OK
17:43:39,33.4,60.33,OK
17:43:39,33.4,60.33,OK
17:43:39,33.4,60.33,OK
17:43:46,29.71,50.72,OK
17:43:46,29.71,50.72,OK
17:43:46,29.71,50.72,OK
17:43:55,25.89,52.67,OK
17:43:55,25.89,52.67,OK
17:43:55,25.89,52.67,OK
17:44:04,26.19,43.52,OK
17:44:04,26.19,43.52,OK
17:44:04,26.19,43.52,OK
17:44:11,29.36,74.43,OK
17:44:11,29.36,74.43,OK
17:44:11,29.36,74.43,OK
17:44:19,31.45,63.04,OK
17:44:19,31.45,63.04,OK
17:44:19,31.45,63.04,OK
17:44:26,31.71,60.36,OK
17:44:26,31.71,60.36,OK
17:44:26,31.71,60.36,OK
17:44:35,34.3,61.65,OK
17:44:35,34.3,61.65,OK
17:44:35,34.3,61.65,OK
17:44:42,25.8,76.94,OK
17:44:42,25.8,76.94,OK
17:44:42,25.8,76.94,OK
17:44:51,27.83,66.45,OK
17:44:51,27.83,66.45,OK
17:44:51,27.83,66.45,OK
17:45:02,31.65,73.16,OK
17:45:02,31.65,73.16,OK
17:45:02,31.65,73.16,OK
17:45:07,34.58,67.82,OK
17:45:07,34.58,67.82,OK
17:45:07,34.58,67.82,OK
17:45:15,28.28,42.81,OK
17:45:15,28.28,42.81,OK
17:45:15,28.28,42.81,OK
17:45:26,25.0,68.16,OK
17:45:26,25.0,68.16,OK
17:45:26,25.0,68.16,OK
17:45:34,25.14,75.6,OK
17:45:34,25.14,75.6,OK
17:45:34,25.14,75.6,OK
17:45:43,30.61,50.49,OK
17:45:43,30.61,50.49,OK
17:45:43,30.61,50.49,OK
17:45:49,33.71,50.02,OK
17:45:49,33.71,50.02,OK
17:45:50,33.71,50.02,OK
17:45:57,27.16,63.04,OK
17:45:57,27.16,63.04,OK
17:45:57,27.16,63.04,OK
17:46:06,29.51,76.22,OK
17:46:06,29.51,76.22,OK
17:46:06,29.51,76.22,OK
17:46:13,27.6,57.37,OK
17:46:13,27.6,57.37,OK
17:46:13,27.6,57.37,OK
17:46:22,25.01,61.17,OK
17:46:22,25.01,61.17,OK
17:46:22,25.01,61.17,OK
17:46:31,30.65,73.0,OK
17:46:31,30.65,73.0,OK
17:46:31,30.65,73.0,OK
17:46:42,29.98,79.55,OK
17:46:42,29.98,79.55,OK
17:46:42,29.98,79.55,OK
17:46:51,33.99,63.91,OK
17:46:51,33.99,63.91,OK
17:46:51,33.99,63.91,OK
17:47:02,26.71,51.73,OK
17:47:02,26.71,51.73,OK
17:47:02,26.71,51.73,OK
17:47:15,34.06,59.79,OK
17:47:15,34.06,59.79,OK
17:47:15,34.06,59.79,OK
17:47:23,26.45,47.15,OK
17:47:23,26.45,47.15,OK
17:47:23,26.45,47.15,OK
17:47:31,25.53,46.89,OK
17:47:31,25.53,46.89,OK
17:47:31,25.53,46.89,OK
17:47:38,29.78,54.05,OK
17:47:38,29.78,54.05,OK
17:47:38,29.78,54.05,OK
17:47:45,26.79,54.53,OK
17:47:45,26.79,54.53,OK
17:47:45,26.79,54.53,OK
17:47:55,25.58,78.33,OK
17:47:55,25.58,78.33,OK
17:47:55,25.58,78.33,OK
17:48:04,33.05,77.23,OK
17:48:04,33.05,77.23,OK
17:48:04,33.05,77.23,OK
17:48:11,26.87,40.09,OK
17:48:11,26.87,40.09,OK
17:48:11,26.87,40.09,OK
17:48:17,30.63,50.06,OK
17:48:17,30.63,50.06,OK
17:48:17,30.63,50.06,OK
17:48:27,32.16,66.29,OK
17:48:27,32.16,66.29,OK
17:48:27,32.16,66.29,OK
17:48:35,26.21,70.87,OK
17:48:35,26.21,70.87,OK
17:48:35,26.21,70.87,OK
17:48:42,31.47,56.29,OK
17:48:42,31.47,56.29,OK
17:48:42,31.47,56.29,OK
17:48:50,28.85,68.93,OK
17:48:50,28.85,68.93,OK
17:48:56,25.08,63.29,OK
17:48:56,25.08,63.29,OK
17:48:56,25.08,63.29,OK
17:49:06,27.38,40.09,OK
17:49:06,27.38,40.09,OK
17:49:06,27.38,40.09,OK
17:49:15,33.19,58.32,OK
17:49:15,33.19,58.32,OK
17:49:15,33.19,58.32,OK
17:49:24,25.75,74.9,OK
17:49:24,25.75,74.9,OK
17:49:24,25.75,74.9,OK
17:49:32,33.59,41.16,OK
17:49:32,33.59,41.16,OK
17:49:32,33.59,41.16,OK
17:49:38,31.13,44.64,OK
17:49:38,31.13,44.64,OK
17:49:38,31.13,44.64,OK
17:49:46,27.65,78.87,OK
17:49:46,27.65,78.87,OK
17:49:46,27.65,78.87,OK
17:49:54,27.3,74.26,OK
17:49:54,27.3,74.26,OK
17:49:54,27.3,74.26,OK
17:50:03,30.57,62.24,OK
17:50:03,30.57,62.24,OK
17:50:03,30.57,62.24,OK
17:50:11,34.62,63.1,OK
17:50:11,34.62,63.1,OK
17:50:11,34.62,63.1,OK
17:50:18,30.39,44.75,OK
17:50:18,30.39,44.75,OK
17:50:18,30.39,44.75,OK
17:50:29,32.23,58.27,OK
17:50:29,32.23,58.27,OK
17:50:29,32.23,58.27,OK
17:50:36,34.12,78.12,OK
17:50:36,34.12,78.12,OK
17:50:36,34.12,78.12,OK
17:50:45,31.23,73.26,OK
17:50:45,31.23,73.26,OK
17:50:45,31.23,73.26,OK
17:50:54,26.01,62.71,OK
17:50:54,26.01,62.71,OK
17:50:54,26.01,62.71,OK
17:51:01,30.47,56.91,OK
17:51:01,30.47,56.91,OK
17:51:01,30.47,56.91,OK
17:51:08,34.95,76.09,OK
17:51:08,34.95,76.09,OK
17:51:08,34.95,76.09,OK
17:51:16,26.9,50.33,OK
17:51:16,26.9,50.33,OK
17:51:16,26.9,50.33,OK
17:51:24,30.41,45.77,OK
17:51:24,30.41,45.77,OK
17:51:24,30.41,45.77,OK
17:51:34,32.51,58.78,OK
17:51:34,32.51,58.78,OK
17:51:34,32.51,58.78,OK
17:51:42,25.45,48.65,OK
17:51:42,25.45,48.65,OK
17:51:42,25.45,48.65,OK
17:51:50,25.43,48.95,OK
17:51:50,25.43,48.95,OK
17:51:50,25.43,48.95,OK
17:51:58,27.26,63.02,OK
17:51:58,27.26,63.02,OK
17:51:59,27.26,63.02,OK
17:52:06,32.54,75.49,OK
17:52:06,32.54,75.49,OK
17:52:06,32.54,75.49,OK
17:52:11,29.1,79.0,OK
17:52:11,29.1,79.0,OK
17:52:11,29.1,79.0,OK
17:52:16,31.9,69.51,OK
17:52:16,31.9,69.51,OK
17:52:16,31.9,69.51,OK
17:52:22,30.12,56.02,OK
17:52:22,30.12,56.02,OK
17:52:22,30.12,56.02,OK
17:52:27,32.8,58.82,OK
17:52:27,32.8,58.82,OK
17:52:27,32.8,58.82,OK
17:52:33,33.04,66.03,OK
17:52:33,33.04,66.03,OK
17:52:33,33.04,66.03,OK
17:52:39,27.81,73.62,OK
17:52:39,27.81,73.62,OK
17:52:39,27.81,73.62,OK
17:52:45,28.24,66.87,OK
17:52:45,28.24,66.87,OK
17:52:51,29.07,42.38,OK
17:52:51,29.07,42.38,OK
17:52:51,29.07,42.38,OK
17:52:57,27.28,52.48,OK
17:52:57,27.28,52.48,OK
17:52:57,27.28,52.48,OK
17:53:03,26.77,60.86,OK
17:53:03,26.77,60.86,OK
17:53:03,26.77,60.86,OK
17:53:14,28.04,56.14,OK
17:53:14,28.04,56.14,OK
17:53:22,25.81,62.69,OK
17:53:22,25.81,62.69,OK
17:53:22,25.81,62.69,OK
17:53:31,33.46,66.75,OK
17:53:31,33.46,66.75,OK
17:53:31,33.46,66.75,OK
17:53:37,28.76,78.39,OK
17:53:37,28.76,78.39,OK
17:53:38,28.76,78.39,OK
17:53:42,30.1,79.74,OK
17:53:43,30.1,79.74,OK
17:53:43,30.1,79.74,OK
17:53:48,27.5,60.64,OK
17:53:48,27.5,60.64,OK
17:53:48,27.5,60.64,OK
17:53:53,29.58,68.08,OK
17:53:53,29.58,68.08,OK
17:53:53,29.58,68.08,OK
17:53:59,31.73,77.47,OK
17:53:59,31.73,77.47,OK
17:53:59,31.73,77.47,OK
17:54:05,25.56,78.78,OK
17:54:05,25.56,78.78,OK
17:54:05,25.56,78.78,OK
17:54:11,28.42,50.42,OK
17:54:11,28.42,50.42,OK
17:54:11,28.42,50.42,OK
17:54:16,27.03,42.76,OK
17:54:16,27.03,42.76,OK
17:54:16,27.03,42.76,OK
17:54:22,29.43,73.59,OK
17:54:22,29.43,73.59,OK
17:54:22,29.43,73.59,OK
17:54:28,28.07,64.0,OK
17:54:28,28.07,64.0,OK
17:54:28,28.07,64.0,OK
17:54:34,30.65,57.13,OK
17:54:34,30.65,57.13,OK
17:54:34,30.65,57.13,OK
17:54:40,25.0,59.4,OK
17:54:40,25.0,59.4,OK
17:54:40,25.0,59.4,OK
17:54:49,34.57,54.86,OK
17:54:49,34.57,54.86,OK
17:54:49,34.57,54.86,OK
17:54:57,27.07,44.11,OK
17:54:57,27.07,44.11,OK
17:54:57,27.07,44.11,OK
17:55:06,34.65,73.3,OK
17:55:06,34.65,73.3,OK
17:55:06,34.65,73.3,OK
17:55:14,31.08,66.47,OK
17:55:14,31.08,66.47,OK
17:55:14,31.08,66.47,OK
11:39:38,32.54,67.88,Anomaly
11:39:45,32.59,43.25,Anomaly
11:39:49,25.26,77.03,Anomaly
11:39:49,25.26,77.03,Anomaly
11:39:55,30.58,53.1,Anomaly
11:39:55,30.58,53.1,Anomaly
11:40:01,34.64,49.82,Anomaly
11:40:01,34.64,49.82,Anomaly
11:40:06,32.07,73.33,Anomaly
11:40:06,32.07,73.33,Anomaly
11:40:12,27.07,46.44,Anomaly
11:40:12,27.07,46.44,Anomaly
11:40:12,27.07,46.44,Anomaly
11:40:17,30.88,49.44,Anomaly
11:40:17,30.88,49.44,Anomaly
11:40:17,30.88,49.44,Anomaly
11:40:22,30.24,48.02,Anomaly
11:40:22,30.24,48.02,Anomaly
11:40:22,30.24,48.02,Anomaly
11:40:28,29.37,43.62,Anomaly
11:40:28,29.37,43.62,Anomaly
11:40:28,29.37,43.62,Anomaly
11:40:28,29.37,43.62,Anomaly
11:40:34,25.93,75.04,Anomaly
11:40:34,25.93,75.04,Anomaly
11:40:34,25.93,75.04,Anomaly
11:40:34,25.93,75.04,Anomaly
11:40:40,30.85,43.7,Anomaly
11:40:40,30.85,43.7,Anomaly
11:40:40,30.85,43.7,Anomaly
11:40:40,30.85,43.7,Anomaly
11:40:45,31.78,60.41,Anomaly
11:40:45,31.78,60.41,Anomaly
11:40:45,31.78,60.41,Anomaly
11:40:45,31.78,60.41,Anomaly
11:40:51,29.99,76.33,Anomaly
11:40:51,29.99,76.33,Anomaly
11:40:51,29.99,76.33,Anomaly
11:40:51,29.99,76.33,Anomaly
11:40:56,30.81,75.25,Anomaly
11:40:56,30.81,75.25,Anomaly
11:40:56,30.81,75.25,Anomaly
11:40:56,30.81,75.25,Anomaly
11:41:01,33.97,63.15,Anomaly
11:41:01,33.97,63.15,Anomaly
11:41:01,33.97,63.15,Anomaly
11:41:01,33.97,63.15,Anomaly
11:41:07,30.67,62.83,Anomaly
11:41:07,30.67,62.83,Anomaly
11:41:07,30.67,62.83,Anomaly
11:41:07,30.67,62.83,Anomaly
11:41:12,34.51,50.34,Anomaly
11:41:12,34.51,50.34,Anomaly
11:41:12,34.51,50.34,Anomaly
11:41:12,34.51,50.34,Anomaly
11:41:18,30.91,42.85,Anomaly
11:41:18,30.91,42.85,Anomaly
11:41:18,30.91,42.85,Anomaly
11:41:18,30.91,42.85,Anomaly
11:41:19,28.5,65.3,Anomaly
11:41:19,28.5,65.3,Anomaly
11:41:19,28.5,65.3,Anomaly
11:41:19,28.5,65.3,Anomaly
11:41:23,26.91,51.07,Anomaly
11:41:23,26.91,51.07,Anomaly
11:41:23,26.91,51.07,Anomaly
11:41:23,26.91,51.07,Anomaly
11:41:29,27.47,57.14,Anomaly
11:41:29,27.47,57.14,Anomaly
11:41:29,27.47,57.14,Anomaly
11:41:29,27.47,57.14,Anomaly
11:41:29,27.47,57.14,Anomaly
11:41:35,29.44,53.83,Anomaly
11:41:35,29.44,53.83,Anomaly
11:41:35,29.44,53.83,Anomaly
11:41:35,29.44,53.83,Anomaly
11:41:35,29.44,53.83,Anomaly
11:41:40,29.53,58.94,Anomaly
11:41:40,29.53,58.94,Anomaly
11:41:40,29.53,58.94,Anomaly
11:41:40,29.53,58.94,Anomaly
11:41:40,29.53,58.94,Anomaly
11:41:45,32.4,50.95,Anomaly
11:41:45,32.4,50.95,Anomaly
11:41:45,32.4,50.95,Anomaly
11:41:45,32.4,50.95,Anomaly
11:41:45,32.4,50.95,Anomaly
11:41:51,30.09,76.29,Anomaly
11:41:51,30.09,76.29,Anomaly
11:41:51,30.09,76.29,Anomaly
11:41:51,30.09,76.29,Anomaly
11:41:51,30.09,76.29,Anomaly
11:41:56,27.42,60.84,Anomaly
11:41:56,27.42,60.84,Anomaly
11:41:56,27.42,60.84,Anomaly
11:41:56,27.42,60.84,Anomaly
11:41:56,27.42,60.84,Anomaly
11:42:02,30.59,63.63,Anomaly
11:42:02,30.59,63.63,Anomaly
11:42:02,30.59,63.63,Anomaly
11:42:02,30.59,63.63,Anomaly
11:42:02,30.59,63.63,Anomaly
11:42:07,34.14,47.37,Anomaly
11:42:07,34.14,47.37,Anomaly
11:42:07,34.14,47.37,Anomaly
11:42:07,34.14,47.37,Anomaly
11:42:07,34.14,47.37,Anomaly
11:42:12,34.87,52.72,Anomaly
11:42:12,34.87,52.72,Anomaly
11:42:12,34.87,52.72,Anomaly
11:42:12,34.87,52.72,Anomaly
11:42:12,34.87,52.72,Anomaly
11:42:18,33.77,68.36,Anomaly
11:42:18,33.77,68.36,Anomaly
11:42:18,33.77,68.36,Anomaly
11:42:18,33.77,68.36,Anomaly
11:42:18,33.77,68.36,Anomaly
11:42:24,31.88,60.51,Anomaly
11:42:24,31.88,60.51,Anomaly
11:42:24,31.88,60.51,Anomaly
11:42:24,31.88,60.51,Anomaly
11:42:24,31.88,60.51,Anomaly
11:42:29,31.32,43.79,Anomaly
11:42:29,31.32,43.79,Anomaly
11:42:29,31.32,43.79,Anomaly
11:42:29,31.32,43.79,Anomaly
11:42:29,31.32,43.79,Anomaly
11:42:35,34.46,49.2,Anomaly
11:42:35,34.46,49.2,Anomaly
11:42:35,34.46,49.2,Anomaly
11:42:35,34.46,49.2,Anomaly
11:42:35,34.46,49.2,Anomaly
11:42:40,31.65,52.16,Anomaly
11:42:40,31.65,52.16,Anomaly
11:42:40,31.65,52.16,Anomaly
11:42:40,31.65,52.16,Anomaly
11:42:40,31.65,52.16,Anomaly
11:42:46,26.73,57.5,Anomaly
11:42:46,26.73,57.5,Anomaly
11:42:46,26.73,57.5,Anomaly
11:42:46,26.73,57.5,Anomaly
11:42:46,26.73,57.5,Anomaly
11:42:51,27.88,51.69,Anomaly
11:42:51,27.88,51.69,Anomaly
11:42:51,27.88,51.69,Anomaly
11:42:51,27.88,51.69,Anomaly
11:42:51,27.88,51.69,Anomaly
11:42:56,29.16,75.93,Anomaly
11:42:56,29.16,75.93,Anomaly
11:42:56,29.16,75.93,Anomaly
11:42:56,29.16,75.93,Anomaly
11:42:56,29.16,75.93,Anomaly
11:43:03,25.02,43.53,OK
11:43:03,25.02,43.53,OK
11:43:03,25.02,43.53,OK
11:43:03,25.02,43.53,OK
11:43:03,25.02,43.53,OK
11:43:08,32.53,76.41,Anomaly
11:43:08,32.53,76.41,Anomaly
11:43:08,32.53,76.41,Anomaly
11:43:08,32.53,76.41,Anomaly
11:43:08,32.53,76.41,Anomaly
11:43:14,26.58,43.84,Anomaly
11:43:14,26.58,43.84,Anomaly
11:43:14,26.58,43.84,Anomaly
11:43:14,26.58,43.84,Anomaly
11:43:14,26.58,43.84,Anomaly
11:43:19,27.07,49.45,Anomaly
11:43:19,27.07,49.45,Anomaly
11:43:19,27.07,49.45,Anomaly
11:43:19,27.07,49.45,Anomaly
11:43:19,27.07,49.45,Anomaly
11:43:24,31.41,56.92,Anomaly
11:43:24,31.41,56.92,Anomaly
11:43:24,31.41,56.92,Anomaly
11:43:24,31.41,56.92,Anomaly
11:43:24,31.41,56.92,Anomaly
11:43:30,30.79,51.15,Anomaly
11:43:30,30.79,51.15,Anomaly
11:43:30,30.79,51.15,Anomaly
11:43:30,30.79,51.15,Anomaly
11:43:30,30.79,51.15,Anomaly
11:43:36,33.53,76.38,Anomaly
11:43:36,33.53,76.38,Anomaly
11:43:36,33.53,76.38,Anomaly
11:43:36,33.53,76.38,Anomaly
11:43:36,33.53,76.38,Anomaly
11:43:41,27.02,61.68,Anomaly
11:43:41,27.02,61.68,Anomaly
11:43:41,27.02,61.68,Anomaly
11:43:41,27.02,61.68,Anomaly
11:43:41,27.02,61.68,Anomaly
11:43:47,31.3,54.68,Anomaly
11:43:47,31.3,54.68,Anomaly
11:43:47,31.3,54.68,Anomaly
11:43:47,31.3,54.68,Anomaly
11:43:47,31.3,54.68,Anomaly
11:43:52,27.96,72.44,Anomaly
11:43:52,27.96,72.44,Anomaly
11:43:52,27.96,72.44,Anomaly
11:43:52,27.96,72.44,Anomaly
11:43:52,27.96,72.44,Anomaly
11:43:58,33.46,63.72,Anomaly
11:43:58,33.46,63.72,Anomaly
11:43:58,33.46,63.72,Anomaly
11:43:58,33.46,63.72,Anomaly
11:43:58,33.46,63.72,Anomaly
11:44:03,30.83,51.65,Anomaly
11:44:03,30.83,51.65,Anomaly
11:44:03,30.83,51.65,Anomaly
11:44:03,30.83,51.65,Anomaly
11:44:03,30.83,51.65,Anomaly
11:44:08,29.86,65.65,Anomaly
11:44:08,29.86,65.65,Anomaly
11:44:08,29.86,65.65,Anomaly
11:44:08,29.86,65.65,Anomaly
11:44:08,29.86,65.65,Anomaly
11:44:14,27.95,67.14,Anomaly
11:44:14,27.95,67.14,Anomaly
11:44:14,27.95,67.14,Anomaly
11:44:14,27.95,67.14,Anomaly
11:44:14,27.95,67.14,Anomaly
11:44:21,26.53,63.14,Anomaly
11:44:21,26.53,63.14,Anomaly
11:44:21,26.53,63.14,Anomaly
11:44:21,26.53,63.14,Anomaly
11:44:21,26.53,63.14,Anomaly
11:44:26,28.1,60.54,Anomaly
11:44:26,28.1,60.54,Anomaly
11:44:26,28.1,60.54,Anomaly
11:44:26,28.1,60.54,Anomaly
11:44:26,28.1,60.54,Anomaly
11:44:31,30.81,49.87,Anomaly
11:44:31,30.81,49.87,Anomaly
11:44:31,30.81,49.87,Anomaly
11:44:31,30.81,49.87,Anomaly
11:44:31,30.81,49.87,Anomaly
11:44:37,32.74,78.62,Anomaly
11:44:37,32.74,78.62,Anomaly
11:44:37,32.74,78.62,Anomaly
11:44:37,32.74,78.62,Anomaly
11:44:38,32.74,78.62,Anomaly
11:44:44,30.69,40.94,Anomaly
11:44:44,30.69,40.94,Anomaly
11:44:44,30.69,40.94,Anomaly
11:44:44,30.69,40.94,Anomaly
11:44:44,30.69,40.94,Anomaly
11:44:49,30.61,48.83,Anomaly
11:44:49,30.61,48.83,Anomaly
11:44:49,30.61,48.83,Anomaly
11:44:49,30.61,48.83,Anomaly
11:44:49,30.61,48.83,Anomaly
11:44:54,34.21,68.02,Anomaly
11:44:54,34.21,68.02,Anomaly
11:44:54,34.21,68.02,Anomaly
11:44:54,34.21,68.02,Anomaly
11:44:54,34.21,68.02,Anomaly
11:44:59,32.24,79.97,Anomaly
11:44:59,32.24,79.97,Anomaly
11:44:59,32.24,79.97,Anomaly
11:44:59,32.24,79.97,Anomaly
11:44:59,32.24,79.97,Anomaly
11:45:05,34.57,69.1,Anomaly
11:45:05,34.57,69.1,Anomaly
11:45:05,34.57,69.1,Anomaly
11:45:05,34.57,69.1,Anomaly
11:45:05,34.57,69.1,Anomaly
11:45:11,33.69,78.49,Anomaly
11:45:11,33.69,78.49,Anomaly
11:45:11,33.69,78.49,Anomaly
11:45:11,33.69,78.49,Anomaly
11:45:11,33.69,78.49,Anomaly
11:45:19,32.15,51.01,Anomaly
11:45:19,32.15,51.01,Anomaly
11:45:19,32.15,51.01,Anomaly
11:45:19,32.15,51.01,Anomaly
11:45:19,32.15,51.01,Anomaly
11:45:25,32.2,41.28,Anomaly
11:45:25,32.2,41.28,Anomaly
11:45:25,32.2,41.28,Anomaly
11:45:25,32.2,41.28,Anomaly
11:45:25,32.2,41.28,Anomaly
11:45:30,34.11,52.19,Anomaly
11:45:30,34.11,52.19,Anomaly
11:45:30,34.11,52.19,Anomaly
11:45:30,34.11,52.19,Anomaly
11:45:30,34.11,52.19,Anomaly
11:45:35,34.72,57.8,Anomaly
11:45:35,34.72,57.8,Anomaly
11:45:35,34.72,57.8,Anomaly
11:45:35,34.72,57.8,Anomaly
11:45:35,34.72,57.8,Anomaly
11:45:41,32.61,52.36,Anomaly
11:45:41,32.61,52.36,Anomaly
11:45:41,32.61,52.36,Anomaly
11:45:41,32.61,52.36,Anomaly
11:45:41,32.61,52.36,Anomaly
11:45:48,25.8,68.04,Anomaly
11:45:48,25.8,68.04,Anomaly
11:45:48,25.8,68.04,Anomaly
11:45:48,25.8,68.04,Anomaly
11:45:48,25.8,68.04,Anomaly
11:45:55,30.15,71.68,Anomaly
11:45:55,30.15,71.68,Anomaly
11:45:55,30.15,71.68,Anomaly
11:45:55,30.15,71.68,Anomaly
11:45:55,30.15,71.68,Anomaly
11:46:02,29.96,76.09,Anomaly
11:46:02,29.96,76.09,Anomaly
11:46:02,29.96,76.09,Anomaly
11:46:02,29.96,76.09,Anomaly
11:46:02,29.96,76.09,Anomaly
11:46:09,31.15,73.92,Anomaly
11:46:09,31.15,73.92,Anomaly
11:46:09,31.15,73.92,Anomaly
11:46:09,31.15,73.92,Anomaly
11:46:09,31.15,73.92,Anomaly
11:46:15,32.28,74.02,Anomaly
11:46:15,32.28,74.02,Anomaly
11:46:15,32.28,74.02,Anomaly
11:46:15,32.28,74.02,Anomaly
11:46:15,32.28,74.02,Anomaly
11:46:20,28.64,52.38,Anomaly
11:46:20,28.64,52.38,Anomaly
11:46:20,28.64,52.38,Anomaly
11:46:20,28.64,52.38,Anomaly
11:46:20,28.64,52.38,Anomaly
11:46:25,34.91,64.23,Anomaly
11:46:25,34.91,64.23,Anomaly
11:46:25,34.91,64.23,Anomaly
11:46:25,34.91,64.23,Anomaly
11:46:25,34.91,64.23,Anomaly
11:46:32,26.68,70.93,Anomaly
11:46:32,26.68,70.93,Anomaly
11:46:32,26.68,70.93,Anomaly
11:46:32,26.68,70.93,Anomaly
11:46:32,26.68,70.93,Anomaly
11:46:38,33.68,64.43,Anomaly
11:46:38,33.68,64.43,Anomaly
11:46:38,33.68,64.43,Anomaly
11:46:38,33.68,64.43,Anomaly
11:46:38,33.68,64.43,Anomaly
11:46:44,31.85,70.94,Anomaly
11:46:44,31.85,70.94,Anomaly
11:46:44,31.85,70.94,Anomaly
11:46:44,31.85,70.94,Anomaly
11:46:44,31.85,70.94,Anomaly
11:46:52,33.25,44.41,Anomaly
11:46:52,33.25,44.41,Anomaly
11:46:52,33.25,44.41,Anomaly
11:46:52,33.25,44.41,Anomaly
11:46:52,33.25,44.41,Anomaly
11:47:00,29.26,65.61,Anomaly
11:47:00,29.26,65.61,Anomaly
11:47:00,29.26,65.61,Anomaly
11:47:00,29.26,65.61,Anomaly
11:47:00,29.26,65.61,Anomaly
11:47:05,33.18,76.1,Anomaly
11:47:05,33.18,76.1,Anomaly
11:47:05,33.18,76.1,Anomaly
11:47:05,33.18,76.1,Anomaly
11:47:05,33.18,76.1,Anomaly
11:47:12,28.76,74.19,Anomaly
11:47:12,28.76,74.19,Anomaly
11:47:12,28.76,74.19,Anomaly
11:47:12,28.76,74.19,Anomaly
11:47:12,28.76,74.19,Anomaly
11:47:17,32.04,70.09,Anomaly
11:47:17,32.04,70.09,Anomaly
11:47:17,32.04,70.09,Anomaly
11:47:17,32.04,70.09,Anomaly
11:47:17,32.04,70.09,Anomaly
11:47:24,32.97,71.28,Anomaly
11:47:24,32.97,71.28,Anomaly
11:47:24,32.97,71.28,Anomaly
11:47:24,32.97,71.28,Anomaly
11:47:24,32.97,71.28,Anomaly
11:47:29,34.16,76.78,Anomaly
11:47:29,34.16,76.78,Anomaly
11:47:29,34.16,76.78,Anomaly
11:47:29,34.16,76.78,Anomaly
11:47:29,34.16,76.78,Anomaly
11:47:35,27.02,78.26,Anomaly
11:47:35,27.02,78.26,Anomaly
11:47:35,27.02,78.26,Anomaly
11:47:35,27.02,78.26,Anomaly
11:47:35,27.02,78.26,Anomaly
11:47:41,27.01,40.04,Anomaly
11:47:41,27.01,40.04,Anomaly
11:47:41,27.01,40.04,Anomaly
11:47:41,27.01,40.04,Anomaly
11:47:41,27.01,40.04,Anomaly
11:47:48,30.64,53.21,Anomaly
11:47:48,30.64,53.21,Anomaly
11:47:48,30.64,53.21,Anomaly
11:47:48,30.64,53.21,Anomaly
11:47:48,30.64,53.21,Anomaly
11:47:54,29.98,53.48,Anomaly
11:47:54,29.98,53.48,Anomaly
11:47:54,29.98,53.48,Anomaly
11:47:54,29.98,53.48,Anomaly
11:47:54,29.98,53.48,Anomaly
11:47:59,29.65,46.7,Anomaly
11:47:59,29.65,46.7,Anomaly
11:47:59,29.65,46.7,Anomaly
11:47:59,29.65,46.7,Anomaly
11:47:59,29.65,46.7,Anomaly
11:48:05,32.41,45.95,Anomaly
11:48:05,32.41,45.95,Anomaly
11:48:05,32.41,45.95,Anomaly
11:48:05,32.41,45.95,Anomaly
11:48:05,32.41,45.95,Anomaly
11:48:10,27.15,60.32,Anomaly
11:48:10,27.15,60.32,Anomaly
11:48:10,27.15,60.32,Anomaly
11:48:10,27.15,60.32,Anomaly
11:48:10,27.15,60.32,Anomaly
11:48:15,28.49,45.32,Anomaly
11:48:15,28.49,45.32,Anomaly
11:48:16,28.49,45.32,Anomaly
11:48:16,28.49,45.32,Anomaly
11:48:16,28.49,45.32,Anomaly
11:48:22,31.98,78.59,Anomaly
11:48:22,31.98,78.59,Anomaly
11:48:22,31.98,78.59,Anomaly
11:48:22,31.98,78.59,Anomaly
11:48:22,31.98,78.59,Anomaly
11:48:29,34.87,79.96,Anomaly
11:48:29,34.87,79.96,Anomaly
11:48:29,34.87,79.96,Anomaly
11:48:29,34.87,79.96,Anomaly
11:48:29,34.87,79.96,Anomaly
11:48:34,33.7,55.97,Anomaly
11:48:34,33.7,55.97,Anomaly
11:48:34,33.7,55.97,Anomaly
11:48:34,33.7,55.97,Anomaly
11:48:34,33.7,55.97,Anomaly
11:48:40,34.57,72.28,Anomaly
11:48:40,34.57,72.28,Anomaly
11:48:40,34.57,72.28,Anomaly
11:48:40,34.57,72.28,Anomaly
11:48:40,34.57,72.28,Anomaly
11:48:45,32.52,57.05,Anomaly
11:48:45,32.52,57.05,Anomaly
11:48:45,32.52,57.05,Anomaly
11:48:45,32.52,57.05,Anomaly
11:48:45,32.52,57.05,Anomaly
